file,label
spc_00001.npy,
spc_00010.npy,
spc_00014.npy,
spc_00015.npy,
spc_00016.npy,
spc_00017.npy,
spc_00018.npy,
spc_00021.npy,
spc_00024.npy,
spc_00025.npy,
spc_00028.npy,
spc_00029.npy,
spc_00030.npy,
spc_00033.npy,
spc_00035.npy,
spc_00037.npy,
spc_00038.npy,
spc_00039.npy,
spc_00045.npy,
spc_00046.npy,
spc_00051.npy,
spc_00056.npy,
spc_00057.npy,
spc_00058.npy,
spc_00064.npy,
spc_00071.npy,
spc_00078.npy,
spc_00082.npy,
spc_00086.npy,
spc_00094.npy,
spc_00096.npy,
spc_00102.npy,
spc_00103.npy,
spc_00106.npy,
spc_00109.npy,
spc_00111.npy,
spc_00112.npy,
spc_00113.npy,
spc_00117.npy,
spc_00129.npy,
spc_00130.npy,
spc_00131.npy,
spc_00132.npy,
spc_00134.npy,
spc_00137.npy,
spc_00138.npy,
spc_00140.npy,
spc_00144.npy,
spc_00146.npy,
spc_00158.npy,
spc_00160.npy,
spc_00161.npy,
spc_00164.npy,
spc_00167.npy,
spc_00169.npy,
spc_00171.npy,
spc_00172.npy,
spc_00174.npy,
spc_00175.npy,
spc_00178.npy,
spc_00183.npy,
spc_00187.npy,
spc_00190.npy,
spc_00191.npy,
spc_00197.npy,
spc_00200.npy,
spc_00203.npy,
spc_00205.npy,
spc_00207.npy,
spc_00208.npy,
spc_00215.npy,
spc_00216.npy,
spc_00217.npy,
spc_00223.npy,
spc_00225.npy,
spc_00227.npy,
spc_00228.npy,
spc_00236.npy,
spc_00238.npy,
spc_00241.npy,
spc_00243.npy,
spc_00245.npy,
spc_00247.npy,
spc_00249.npy,
spc_00251.npy,
spc_00253.npy,
spc_00255.npy,
spc_00259.npy,
spc_00260.npy,
spc_00261.npy,
spc_00264.npy,
spc_00265.npy,
spc_00267.npy,
spc_00271.npy,
spc_00282.npy,
spc_00287.npy,
spc_00288.npy,
spc_00293.npy,
spc_00296.npy,
spc_00297.npy,
spc_00299.npy,
spc_00302.npy,
spc_00303.npy,
spc_00308.npy,
spc_00311.npy,
spc_00314.npy,
spc_00316.npy,
spc_00317.npy,
spc_00323.npy,
spc_00324.npy,
spc_00325.npy,
spc_00329.npy,
spc_00332.npy,
spc_00334.npy,
spc_00336.npy,
spc_00341.npy,
spc_00342.npy,
spc_00345.npy,
spc_00347.npy,
spc_00351.npy,
spc_00353.npy,
spc_00356.npy,
spc_00358.npy,
spc_00360.npy,
spc_00361.npy,
spc_00363.npy,
spc_00365.npy,
spc_00366.npy,
spc_00371.npy,
spc_00372.npy,
spc_00374.npy,
spc_00375.npy,
spc_00376.npy,
spc_00378.npy,
spc_00379.npy,
spc_00381.npy,
spc_00384.npy,
spc_00388.npy,
spc_00389.npy,
spc_00391.npy,
spc_00392.npy,
spc_00398.npy,
spc_00399.npy,
spc_00400.npy,
spc_00401.npy,
spc_00404.npy,
spc_00405.npy,
spc_00408.npy,
spc_00409.npy,
spc_00410.npy,
spc_00413.npy,
spc_00414.npy,
spc_00415.npy,
spc_00416.npy,
spc_00420.npy,
spc_00424.npy,
spc_00426.npy,
spc_00427.npy,
spc_00428.npy,
spc_00429.npy,
spc_00432.npy,
spc_00433.npy,
spc_00435.npy,
spc_00436.npy,
spc_00443.npy,
spc_00446.npy,
spc_00448.npy,
spc_00449.npy,
spc_00454.npy,
spc_00460.npy,
spc_00461.npy,
spc_00464.npy,
spc_00467.npy,
spc_00470.npy,
spc_00471.npy,
spc_00472.npy,
spc_00474.npy,
spc_00475.npy,
spc_00482.npy,
spc_00483.npy,
spc_00489.npy,
spc_00493.npy,
spc_00495.npy,
spc_00496.npy,
spc_00500.npy,
spc_00502.npy,
spc_00510.npy,
spc_00513.npy,
spc_00514.npy,
spc_00515.npy,
spc_00516.npy,
spc_00520.npy,
spc_00522.npy,
spc_00526.npy,
spc_00532.npy,
spc_00534.npy,
spc_00538.npy,
spc_00540.npy,
spc_00553.npy,
spc_00556.npy,
spc_00565.npy,
spc_00569.npy,
spc_00570.npy,
spc_00571.npy,
spc_00578.npy,
spc_00579.npy,
spc_00587.npy,
spc_00589.npy,
spc_00590.npy,
spc_00591.npy,
spc_00593.npy,
spc_00595.npy,
spc_00598.npy,
spc_00599.npy,
spc_00602.npy,
spc_00603.npy,
spc_00608.npy,
spc_00609.npy,
spc_00611.npy,
spc_00613.npy,
spc_00617.npy,
spc_00619.npy,
spc_00625.npy,
spc_00626.npy,
spc_00631.npy,
spc_00632.npy,
spc_00635.npy,
spc_00637.npy,
spc_00638.npy,
spc_00639.npy,
spc_00649.npy,
spc_00650.npy,
spc_00654.npy,
spc_00657.npy,
spc_00660.npy,
spc_00663.npy,
spc_00669.npy,
spc_00671.npy,
spc_00672.npy,
spc_00675.npy,
spc_00677.npy,
spc_00681.npy,
spc_00686.npy,
spc_00689.npy,
spc_00690.npy,
spc_00691.npy,
spc_00692.npy,
spc_00700.npy,
spc_00702.npy,
spc_00709.npy,
spc_00711.npy,
spc_00713.npy,
spc_00716.npy,
spc_00717.npy,
spc_00729.npy,
spc_00730.npy,
spc_00734.npy,
spc_00736.npy,
spc_00739.npy,
spc_00745.npy,
spc_00749.npy,
spc_00754.npy,
spc_00759.npy,
spc_00765.npy,
spc_00766.npy,
spc_00769.npy,
spc_00778.npy,
spc_00779.npy,
spc_00783.npy,
spc_00786.npy,
spc_00801.npy,
spc_00804.npy,
spc_00806.npy,
spc_00810.npy,
spc_00813.npy,
spc_00814.npy,
spc_00816.npy,
spc_00817.npy,
spc_00819.npy,
spc_00821.npy,
spc_00829.npy,
spc_00831.npy,
spc_00832.npy,
spc_00835.npy,
spc_00837.npy,
spc_00840.npy,
spc_00843.npy,
spc_00844.npy,
spc_00849.npy,
spc_00851.npy,
spc_00855.npy,
spc_00858.npy,
spc_00861.npy,
spc_00864.npy,
spc_00865.npy,
spc_00869.npy,
spc_00871.npy,
spc_00873.npy,
spc_00878.npy,
spc_00879.npy,
spc_00882.npy,
spc_00892.npy,
spc_00893.npy,
spc_00894.npy,
spc_00895.npy,
spc_00898.npy,
spc_00901.npy,
spc_00916.npy,
spc_00917.npy,
spc_00918.npy,
spc_00922.npy,
spc_00932.npy,
spc_00946.npy,
spc_00949.npy,
spc_00950.npy,
spc_00953.npy,
spc_00954.npy,
spc_00955.npy,
spc_00969.npy,
spc_00975.npy,
spc_00977.npy,
spc_00980.npy,
spc_00983.npy,
spc_00985.npy,
spc_00987.npy,
spc_00988.npy,
spc_00992.npy,
spc_00994.npy,
spc_00999.npy,
spc_01001.npy,
spc_01003.npy,
spc_01005.npy,
spc_01006.npy,
spc_01007.npy,
spc_01010.npy,
spc_01012.npy,
spc_01013.npy,
spc_01020.npy,
spc_01022.npy,
spc_01025.npy,
spc_01026.npy,
spc_01027.npy,
spc_01028.npy,
spc_01037.npy,
spc_01039.npy,
spc_01046.npy,
spc_01053.npy,
spc_01054.npy,
spc_01065.npy,
spc_01069.npy,
spc_01071.npy,
spc_01074.npy,
spc_01085.npy,
spc_01095.npy,
spc_01101.npy,
spc_01103.npy,
spc_01105.npy,
spc_01108.npy,
spc_01109.npy,
spc_01110.npy,
spc_01115.npy,
spc_01127.npy,
spc_01137.npy,
spc_01141.npy,
spc_01145.npy,
spc_01147.npy,
spc_01148.npy,
spc_01151.npy,
spc_01161.npy,
spc_01167.npy,
spc_01168.npy,
spc_01183.npy,
spc_01185.npy,
spc_01186.npy,
spc_01188.npy,
spc_01191.npy,
spc_01196.npy,
spc_01197.npy,
spc_01200.npy,
spc_01202.npy,
spc_01205.npy,
spc_01212.npy,
spc_01214.npy,
spc_01215.npy,
spc_01217.npy,
spc_01219.npy,
spc_01226.npy,
spc_01228.npy,
spc_01231.npy,
spc_01240.npy,
spc_01243.npy,
spc_01244.npy,
spc_01247.npy,
spc_01248.npy,
spc_01252.npy,
spc_01253.npy,
spc_01256.npy,
spc_01262.npy,
spc_01263.npy,
spc_01264.npy,
spc_01278.npy,
spc_01280.npy,
spc_01281.npy,
spc_01283.npy,
spc_01284.npy,
spc_01289.npy,
spc_01292.npy,
spc_01293.npy,
spc_01296.npy,
spc_01300.npy,
spc_01301.npy,
spc_01304.npy,
spc_01311.npy,
spc_01312.npy,
spc_01314.npy,
spc_01315.npy,
spc_01316.npy,
spc_01318.npy,
spc_01323.npy,
spc_01327.npy,
spc_01328.npy,
spc_01329.npy,
spc_01331.npy,
spc_01333.npy,
spc_01335.npy,
spc_01338.npy,
spc_01340.npy,
spc_01344.npy,
spc_01346.npy,
spc_01347.npy,
spc_01349.npy,
spc_01350.npy,
spc_01351.npy,
spc_01354.npy,
spc_01362.npy,
spc_01368.npy,
spc_01371.npy,
spc_01377.npy,
spc_01386.npy,
spc_01387.npy,
spc_01389.npy,
spc_01392.npy,
spc_01393.npy,
spc_01396.npy,
spc_01399.npy,
spc_01404.npy,
spc_01405.npy,
spc_01409.npy,
spc_01414.npy,
spc_01415.npy,
spc_01416.npy,
spc_01419.npy,
spc_01420.npy,
spc_01421.npy,
spc_01423.npy,
spc_01424.npy,
spc_01426.npy,
spc_01428.npy,
spc_01430.npy,
spc_01431.npy,
spc_01432.npy,
spc_01435.npy,
spc_01437.npy,
spc_01440.npy,
spc_01442.npy,
spc_01445.npy,
spc_01447.npy,
spc_01449.npy,
spc_01452.npy,
spc_01456.npy,
spc_01458.npy,
spc_01459.npy,
spc_01461.npy,
spc_01462.npy,
spc_01464.npy,
spc_01473.npy,
spc_01474.npy,
spc_01475.npy,
spc_01482.npy,
spc_01487.npy,
spc_01488.npy,
spc_01496.npy,
spc_01497.npy,
spc_01498.npy,
spc_01499.npy,
spc_01503.npy,
spc_01505.npy,
spc_01506.npy,
spc_01507.npy,
spc_01511.npy,
spc_01513.npy,
spc_01519.npy,
spc_01523.npy,
spc_01524.npy,
spc_01525.npy,
spc_01527.npy,
spc_01528.npy,
spc_01529.npy,
spc_01535.npy,
spc_01541.npy,
spc_01542.npy,
spc_01543.npy,
spc_01544.npy,
spc_01550.npy,
spc_01554.npy,
spc_01556.npy,
spc_01557.npy,
spc_01558.npy,
spc_01559.npy,
spc_01560.npy,
spc_01565.npy,
spc_01566.npy,
spc_01570.npy,
spc_01572.npy,
spc_01575.npy,
spc_01577.npy,
spc_01579.npy,
spc_01582.npy,
spc_01583.npy,
spc_01585.npy,
spc_01590.npy,
spc_01596.npy,
spc_01602.npy,
spc_01607.npy,
spc_01609.npy,
spc_01610.npy,
spc_01614.npy,
spc_01616.npy,
spc_01618.npy,
spc_01624.npy,
spc_01626.npy,
spc_01629.npy,
spc_01635.npy,
spc_01637.npy,
spc_01638.npy,
spc_01640.npy,
spc_01643.npy,
spc_01644.npy,
spc_01645.npy,
spc_01646.npy,
spc_01649.npy,
spc_01654.npy,
spc_01655.npy,
spc_01656.npy,
spc_01661.npy,
spc_01666.npy,
spc_01667.npy,
spc_01668.npy,
spc_01670.npy,
spc_01672.npy,
spc_01674.npy,
spc_01675.npy,
spc_01676.npy,
spc_01678.npy,
spc_01680.npy,
spc_01691.npy,
spc_01693.npy,
spc_01695.npy,
spc_01697.npy,
spc_01700.npy,
spc_01705.npy,
spc_01708.npy,
spc_01716.npy,
spc_01719.npy,
spc_01721.npy,
spc_01722.npy,
spc_01724.npy,
spc_01728.npy,
spc_01732.npy,
spc_01734.npy,
spc_01735.npy,
spc_01739.npy,
spc_01742.npy,
spc_01744.npy,
spc_01745.npy,
spc_01748.npy,
spc_01751.npy,
spc_01752.npy,
spc_01754.npy,
spc_01755.npy,
spc_01766.npy,
spc_01767.npy,
spc_01768.npy,
spc_01770.npy,
spc_01771.npy,
spc_01772.npy,
spc_01774.npy,
spc_01779.npy,
spc_01780.npy,
spc_01782.npy,
spc_01786.npy,
spc_01792.npy,
spc_01793.npy,
spc_01795.npy,
spc_01801.npy,
spc_01802.npy,
spc_01804.npy,
spc_01807.npy,
spc_01813.npy,
spc_01815.npy,
spc_01816.npy,
spc_01818.npy,
spc_01821.npy,
spc_01828.npy,
spc_01832.npy,
spc_01840.npy,
spc_01844.npy,
spc_01848.npy,
spc_01852.npy,
spc_01856.npy,
spc_01858.npy,
spc_01862.npy,
spc_01863.npy,
spc_01864.npy,
spc_01865.npy,
spc_01867.npy,
spc_01872.npy,
spc_01879.npy,
spc_01891.npy,
spc_01892.npy,
spc_01893.npy,
spc_01896.npy,
spc_01897.npy,
spc_01898.npy,
spc_01900.npy,
spc_01902.npy,
spc_01907.npy,
spc_01908.npy,
spc_01909.npy,
spc_01916.npy,
spc_01918.npy,
spc_01921.npy,
spc_01923.npy,
spc_01924.npy,
spc_01926.npy,
spc_01932.npy,
spc_01933.npy,
spc_01936.npy,
spc_01938.npy,
spc_01942.npy,
spc_01945.npy,
spc_01948.npy,
spc_01951.npy,
spc_01953.npy,
spc_01954.npy,
spc_01956.npy,
spc_01961.npy,
spc_01963.npy,
spc_01969.npy,
spc_01972.npy,
spc_01974.npy,
spc_01975.npy,
spc_01976.npy,
spc_01981.npy,
spc_01984.npy,
spc_01985.npy,
spc_01986.npy,
spc_01988.npy,
spc_01994.npy,
spc_02005.npy,
spc_02006.npy,
spc_02008.npy,
spc_02014.npy,
spc_02015.npy,
spc_02016.npy,
spc_02017.npy,
spc_02019.npy,
spc_02020.npy,
spc_02023.npy,
spc_02031.npy,
spc_02032.npy,
spc_02034.npy,
spc_02041.npy,
spc_02044.npy,
spc_02053.npy,
spc_02058.npy,
spc_02063.npy,
spc_02068.npy,
spc_02069.npy,
spc_02070.npy,
spc_02072.npy,
spc_02080.npy,
spc_02085.npy,
spc_02086.npy,
spc_02089.npy,
spc_02093.npy,
spc_02096.npy,
spc_02097.npy,
spc_02098.npy,
spc_02101.npy,
spc_02103.npy,
spc_02108.npy,
spc_02111.npy,
spc_02112.npy,
spc_02114.npy,
spc_02117.npy,
spc_02119.npy,
spc_02120.npy,
spc_02121.npy,
spc_02123.npy,
spc_02124.npy,
spc_02126.npy,
spc_02129.npy,
spc_02132.npy,
spc_02133.npy,
spc_02137.npy,
spc_02140.npy,
spc_02141.npy,
spc_02143.npy,
spc_02144.npy,
spc_02145.npy,
spc_02147.npy,
spc_02150.npy,
spc_02166.npy,
spc_02175.npy,
spc_02178.npy,
spc_02179.npy,
spc_02186.npy,
spc_02189.npy,
spc_02190.npy,
spc_02191.npy,
spc_02198.npy,
spc_02199.npy,
spc_02203.npy,
spc_02205.npy,
spc_02210.npy,
spc_02218.npy,
spc_02223.npy,
spc_02225.npy,
spc_02227.npy,
spc_02231.npy,
spc_02232.npy,
spc_02236.npy,
spc_02237.npy,
spc_02240.npy,
spc_02245.npy,
spc_02248.npy,
spc_02251.npy,
spc_02252.npy,
spc_02258.npy,
spc_02259.npy,
spc_02260.npy,
spc_02271.npy,
spc_02274.npy,
spc_02275.npy,
spc_02276.npy,
spc_02278.npy,
spc_02279.npy,
spc_02280.npy,
spc_02285.npy,
spc_02288.npy,
spc_02290.npy,
spc_02299.npy,
spc_02305.npy,
spc_02310.npy,
spc_02324.npy,
spc_02329.npy,
spc_02335.npy,
spc_02343.npy,
spc_02344.npy,
spc_02348.npy,
spc_02349.npy,
spc_02351.npy,
spc_02356.npy,
spc_02357.npy,
spc_02360.npy,
spc_02367.npy,
spc_02368.npy,
spc_02369.npy,
spc_02374.npy,
spc_02375.npy,
spc_02377.npy,
spc_02378.npy,
spc_02382.npy,
spc_02383.npy,
spc_02385.npy,
spc_02389.npy,
spc_02391.npy,
spc_02392.npy,
spc_02393.npy,
spc_02397.npy,
spc_02398.npy,
spc_02400.npy,
spc_02401.npy,
spc_02404.npy,
spc_02406.npy,
spc_02407.npy,
spc_02411.npy,
spc_02417.npy,
spc_02421.npy,
spc_02422.npy,
spc_02423.npy,
spc_02426.npy,
spc_02427.npy,
spc_02429.npy,
spc_02430.npy,
spc_02432.npy,
spc_02435.npy,
spc_02438.npy,
spc_02439.npy,
spc_02442.npy,
spc_02444.npy,
spc_02452.npy,
spc_02456.npy,
spc_02457.npy,
spc_02459.npy,
spc_02461.npy,
spc_02463.npy,
spc_02464.npy,
spc_02465.npy,
spc_02468.npy,
spc_02469.npy,
spc_02470.npy,
spc_02472.npy,
spc_02475.npy,
spc_02478.npy,
spc_02481.npy,
spc_02483.npy,
spc_02497.npy,
spc_02498.npy,
spc_02500.npy,
spc_02504.npy,
spc_02510.npy,
spc_02513.npy,
spc_02514.npy,
spc_02518.npy,
spc_02522.npy,
spc_02526.npy,
spc_02530.npy,
spc_02532.npy,
spc_02534.npy,
spc_02537.npy,
spc_02538.npy,
spc_02541.npy,
spc_02542.npy,
spc_02548.npy,
spc_02552.npy,
spc_02553.npy,
spc_02554.npy,
spc_02555.npy,
spc_02556.npy,
spc_02560.npy,
spc_02561.npy,
spc_02574.npy,
spc_02575.npy,
spc_02577.npy,
spc_02578.npy,
spc_02579.npy,
spc_02584.npy,
spc_02587.npy,
spc_02593.npy,
spc_02594.npy,
spc_02595.npy,
spc_02596.npy,
spc_02600.npy,
spc_02601.npy,
spc_02602.npy,
spc_02605.npy,
spc_02606.npy,
spc_02609.npy,
spc_02611.npy,
spc_02614.npy,
spc_02615.npy,
spc_02619.npy,
spc_02622.npy,
spc_02624.npy,
spc_02625.npy,
spc_02633.npy,
spc_02634.npy,
spc_02637.npy,
spc_02638.npy,
spc_02639.npy,
spc_02643.npy,
spc_02644.npy,
spc_02649.npy,
spc_02651.npy,
spc_02653.npy,
spc_02658.npy,
spc_02661.npy,
spc_02669.npy,
spc_02671.npy,
spc_02672.npy,
spc_02674.npy,
spc_02676.npy,
spc_02677.npy,
spc_02678.npy,
spc_02679.npy,
spc_02683.npy,
spc_02688.npy,
spc_02693.npy,
spc_02694.npy,
spc_02696.npy,
spc_02697.npy,
spc_02698.npy,
spc_02701.npy,
spc_02704.npy,
spc_02708.npy,
spc_02709.npy,
spc_02710.npy,
spc_02712.npy,
spc_02713.npy,
spc_02718.npy,
spc_02723.npy,
spc_02725.npy,
spc_02726.npy,
spc_02727.npy,
spc_02728.npy,
spc_02729.npy,
spc_02730.npy,
spc_02734.npy,
spc_02735.npy,
spc_02740.npy,
spc_02744.npy,
spc_02746.npy,
spc_02752.npy,
spc_02753.npy,
spc_02755.npy,
spc_02756.npy,
spc_02760.npy,
spc_02769.npy,
spc_02771.npy,
spc_02772.npy,
spc_02776.npy,
spc_02777.npy,
spc_02781.npy,
spc_02784.npy,
spc_02785.npy,
spc_02786.npy,
spc_02787.npy,
spc_02792.npy,
spc_02794.npy,
spc_02796.npy,
spc_02798.npy,
spc_02803.npy,
spc_02806.npy,
spc_02812.npy,
spc_02815.npy,
spc_02816.npy,
spc_02821.npy,
spc_02823.npy,
spc_02825.npy,
spc_02827.npy,
spc_02828.npy,
spc_02829.npy,
spc_02834.npy,
spc_02837.npy,
spc_02841.npy,
spc_02842.npy,
spc_02846.npy,
spc_02849.npy,
spc_02850.npy,
spc_02851.npy,
spc_02859.npy,
spc_02862.npy,
spc_02871.npy,
spc_02872.npy,
spc_02877.npy,
spc_02878.npy,
spc_02880.npy,
spc_02881.npy,
spc_02882.npy,
spc_02884.npy,
spc_02885.npy,
spc_02887.npy,
spc_02889.npy,
spc_02891.npy,
spc_02892.npy,
spc_02900.npy,
spc_02902.npy,
spc_02906.npy,
spc_02907.npy,
spc_02908.npy,
spc_02911.npy,
spc_02916.npy,
spc_02919.npy,
spc_02927.npy,
spc_02935.npy,
spc_02937.npy,
spc_02942.npy,
spc_02943.npy,
spc_02944.npy,
spc_02948.npy,
spc_02951.npy,
spc_02952.npy,
spc_02955.npy,
spc_02957.npy,
spc_02959.npy,
spc_02960.npy,
spc_02967.npy,
spc_02969.npy,
spc_02978.npy,
spc_02979.npy,
spc_02981.npy,
spc_02982.npy,
spc_02984.npy,
spc_02986.npy,
spc_02987.npy,
spc_02988.npy,
spc_02996.npy,
spc_02999.npy,
spc_03002.npy,
spc_03006.npy,
spc_03013.npy,
spc_03014.npy,
spc_03022.npy,
spc_03026.npy,
spc_03029.npy,
spc_03033.npy,
spc_03034.npy,
spc_03035.npy,
spc_03037.npy,
spc_03041.npy,
spc_03042.npy,
spc_03046.npy,
spc_03048.npy,
spc_03053.npy,
spc_03056.npy,
spc_03061.npy,
spc_03062.npy,
spc_03063.npy,
spc_03064.npy,
spc_03065.npy,
spc_03071.npy,
spc_03072.npy,
spc_03076.npy,
spc_03083.npy,
spc_03085.npy,
spc_03090.npy,
spc_03094.npy,
spc_03104.npy,
spc_03105.npy,
spc_03107.npy,
spc_03112.npy,
spc_03114.npy,
spc_03115.npy,
spc_03117.npy,
spc_03119.npy,
spc_03120.npy,
spc_03125.npy,
spc_03131.npy,
spc_03132.npy,
spc_03136.npy,
spc_03140.npy,
spc_03141.npy,
spc_03143.npy,
spc_03145.npy,
spc_03146.npy,
spc_03147.npy,
spc_03151.npy,
spc_03154.npy,
spc_03157.npy,
spc_03160.npy,
spc_03163.npy,
spc_03164.npy,
spc_03167.npy,
spc_03169.npy,
spc_03172.npy,
spc_03173.npy,
spc_03176.npy,
spc_03182.npy,
spc_03184.npy,
spc_03187.npy,
spc_03190.npy,
spc_03192.npy,
spc_03194.npy,
spc_03197.npy,
spc_03205.npy,
spc_03210.npy,
spc_03216.npy,
spc_03217.npy,
spc_03221.npy,
spc_03223.npy,
spc_03225.npy,
spc_03226.npy,
spc_03228.npy,
spc_03229.npy,
spc_03230.npy,
spc_03232.npy,
spc_03233.npy,
spc_03238.npy,
spc_03239.npy,
spc_03241.npy,
spc_03244.npy,
spc_03254.npy,
spc_03256.npy,
spc_03264.npy,
spc_03276.npy,
spc_03277.npy,
spc_03280.npy,
spc_03281.npy,
spc_03284.npy,
spc_03289.npy,
spc_03292.npy,
spc_03293.npy,
spc_03294.npy,
spc_03295.npy,
spc_03296.npy,
spc_03298.npy,
spc_03301.npy,
spc_03305.npy,
spc_03315.npy,
spc_03317.npy,
spc_03319.npy,
spc_03320.npy,
spc_03322.npy,
spc_03326.npy,
spc_03328.npy,
spc_03332.npy,
spc_03337.npy,
spc_03338.npy,
spc_03339.npy,
spc_03340.npy,
spc_03343.npy,
spc_03345.npy,
spc_03347.npy,
spc_03348.npy,
spc_03349.npy,
spc_03351.npy,
spc_03352.npy,
spc_03362.npy,
spc_03367.npy,
spc_03370.npy,
spc_03372.npy,
spc_03379.npy,
spc_03380.npy,
spc_03381.npy,
spc_03382.npy,
spc_03383.npy,
spc_03386.npy,
spc_03387.npy,
spc_03391.npy,
spc_03398.npy,
spc_03404.npy,
spc_03405.npy,
spc_03407.npy,
spc_03408.npy,
spc_03412.npy,
spc_03414.npy,
spc_03416.npy,
spc_03417.npy,
spc_03419.npy,
spc_03425.npy,
spc_03426.npy,
spc_03429.npy,
spc_03432.npy,
spc_03433.npy,
spc_03435.npy,
spc_03437.npy,
spc_03438.npy,
spc_03439.npy,
spc_03441.npy,
spc_03443.npy,
spc_03446.npy,
spc_03448.npy,
spc_03452.npy,
spc_03455.npy,
spc_03456.npy,
spc_03458.npy,
spc_03461.npy,
spc_03463.npy,
spc_03467.npy,
spc_03472.npy,
spc_03474.npy,
spc_03477.npy,
spc_03478.npy,
spc_03484.npy,
spc_03491.npy,
spc_03494.npy,
spc_03495.npy,
spc_03497.npy,
spc_03503.npy,
spc_03507.npy,
spc_03508.npy,
spc_03511.npy,
spc_03514.npy,
spc_03516.npy,
spc_03517.npy,
spc_03518.npy,
spc_03519.npy,
spc_03522.npy,
spc_03525.npy,
spc_03527.npy,
spc_03530.npy,
spc_03534.npy,
spc_03537.npy,
spc_03538.npy,
spc_03544.npy,
spc_03545.npy,
spc_03559.npy,
spc_03560.npy,
spc_03564.npy,
spc_03565.npy,
spc_03568.npy,
spc_03579.npy,
spc_03584.npy,
spc_03587.npy,
spc_03588.npy,
spc_03594.npy,
spc_03596.npy,
spc_03600.npy,
spc_03601.npy,
spc_03604.npy,
spc_03607.npy,
spc_03608.npy,
spc_03609.npy,
spc_03610.npy,
spc_03614.npy,
spc_03615.npy,
spc_03618.npy,
spc_03622.npy,
spc_03624.npy,
spc_03625.npy,
spc_03627.npy,
spc_03629.npy,
spc_03631.npy,
spc_03634.npy,
spc_03640.npy,
spc_03641.npy,
spc_03648.npy,
spc_03649.npy,
spc_03653.npy,
spc_03659.npy,
spc_03661.npy,
spc_03665.npy,
spc_03672.npy,
spc_03677.npy,
spc_03679.npy,
spc_03682.npy,
spc_03685.npy,
spc_03689.npy,
spc_03690.npy,
spc_03692.npy,
spc_03693.npy,
spc_03695.npy,
spc_03699.npy,
spc_03700.npy,
spc_03703.npy,
spc_03705.npy,
spc_03707.npy,
spc_03710.npy,
spc_03718.npy,
spc_03720.npy,
spc_03722.npy,
spc_03724.npy,
spc_03725.npy,
spc_03726.npy,
spc_03728.npy,
spc_03732.npy,
spc_03734.npy,
spc_03737.npy,
spc_03738.npy,
spc_03739.npy,
spc_03741.npy,
spc_03745.npy,
spc_03747.npy,
spc_03749.npy,
spc_03755.npy,
spc_03760.npy,
spc_03762.npy,
spc_03764.npy,
spc_03766.npy,
spc_03769.npy,
spc_03770.npy,
spc_03771.npy,
spc_03775.npy,
spc_03776.npy,
spc_03778.npy,
spc_03779.npy,
spc_03781.npy,
spc_03782.npy,
spc_03792.npy,
spc_03793.npy,
spc_03802.npy,
spc_03803.npy,
spc_03805.npy,
spc_03807.npy,
spc_03808.npy,
spc_03809.npy,
spc_03810.npy,
spc_03813.npy,
spc_03818.npy,
spc_03820.npy,
spc_03823.npy,
spc_03827.npy,
spc_03831.npy,
spc_03833.npy,
spc_03834.npy,
spc_03837.npy,
spc_03838.npy,
spc_03842.npy,
spc_03843.npy,
spc_03844.npy,
spc_03849.npy,
spc_03854.npy,
spc_03856.npy,
spc_03859.npy,
spc_03862.npy,
spc_03865.npy,
spc_03866.npy,
spc_03868.npy,
spc_03869.npy,
spc_03870.npy,
spc_03879.npy,
spc_03883.npy,
spc_03888.npy,
spc_03889.npy,
spc_03891.npy,
spc_03899.npy,
spc_03910.npy,
spc_03914.npy,
spc_03916.npy,
spc_03919.npy,
spc_03923.npy,
spc_03927.npy,
spc_03937.npy,
spc_03938.npy,
spc_03940.npy,
spc_03941.npy,
spc_03948.npy,
spc_03949.npy,
spc_03950.npy,
spc_03951.npy,
spc_03953.npy,
spc_03954.npy,
spc_03955.npy,
spc_03956.npy,
spc_03957.npy,
spc_03963.npy,
spc_03969.npy,
spc_03971.npy,
spc_03975.npy,
spc_03976.npy,
spc_03977.npy,
spc_03978.npy,
spc_03979.npy,
spc_03985.npy,
spc_03986.npy,
spc_03988.npy,
spc_03989.npy,
spc_03997.npy,
spc_04000.npy,
spc_04003.npy,
spc_04004.npy,
spc_04007.npy,
spc_04008.npy,
spc_04009.npy,
spc_04013.npy,
spc_04014.npy,
spc_04016.npy,
spc_04021.npy,
spc_04024.npy,
spc_04026.npy,
spc_04027.npy,
spc_04029.npy,
spc_04030.npy,
spc_04035.npy,
spc_04036.npy,
spc_04040.npy,
spc_04041.npy,
spc_04042.npy,
spc_04043.npy,
spc_04044.npy,
spc_04052.npy,
spc_04053.npy,
spc_04054.npy,
spc_04061.npy,
spc_04065.npy,
spc_04066.npy,
spc_04067.npy,
spc_04068.npy,
spc_04069.npy,
spc_04071.npy,
spc_04078.npy,
spc_04079.npy,
spc_04086.npy,
spc_04088.npy,
spc_04090.npy,
spc_04093.npy,
spc_04100.npy,
spc_04101.npy,
spc_04122.npy,
spc_04123.npy,
spc_04127.npy,
spc_04129.npy,
spc_04130.npy,
spc_04131.npy,
spc_04133.npy,
spc_04134.npy,
spc_04135.npy,
spc_04137.npy,
spc_04139.npy,
spc_04141.npy,
spc_04146.npy,
spc_04149.npy,
spc_04152.npy,
spc_04155.npy,
spc_04158.npy,
spc_04159.npy,
spc_04163.npy,
spc_04167.npy,
spc_04170.npy,
spc_04171.npy,
spc_04172.npy,
spc_04173.npy,
spc_04175.npy,
spc_04176.npy,
spc_04177.npy,
spc_04178.npy,
spc_04179.npy,
spc_04181.npy,
spc_04185.npy,
spc_04189.npy,
spc_04192.npy,
spc_04206.npy,
spc_04209.npy,
spc_04212.npy,
spc_04213.npy,
spc_04214.npy,
spc_04217.npy,
spc_04218.npy,
spc_04222.npy,
spc_04239.npy,
spc_04245.npy,
spc_04250.npy,
spc_04254.npy,
spc_04255.npy,
spc_04256.npy,
spc_04262.npy,
spc_04265.npy,
spc_04266.npy,
spc_04268.npy,
spc_04270.npy,
spc_04271.npy,
spc_04272.npy,
spc_04274.npy,
spc_04276.npy,
spc_04278.npy,
spc_04281.npy,
spc_04283.npy,
spc_04286.npy,
spc_04287.npy,
spc_04292.npy,
spc_04293.npy,
spc_04299.npy,
spc_04315.npy,
spc_04317.npy,
spc_04327.npy,
spc_04330.npy,
spc_04331.npy,
spc_04336.npy,
spc_04337.npy,
spc_04342.npy,
spc_04343.npy,
spc_04346.npy,
spc_04348.npy,
spc_04356.npy,
spc_04357.npy,
spc_04363.npy,
spc_04369.npy,
spc_04370.npy,
spc_04378.npy,
spc_04379.npy,
spc_04380.npy,
spc_04386.npy,
spc_04389.npy,
spc_04390.npy,
spc_04394.npy,
spc_04396.npy,
spc_04397.npy,
spc_04400.npy,
spc_04414.npy,
spc_04418.npy,
spc_04422.npy,
spc_04423.npy,
spc_04425.npy,
spc_04429.npy,
spc_04430.npy,
spc_04433.npy,
spc_04436.npy,
spc_04443.npy,
spc_04444.npy,
spc_04445.npy,
spc_04446.npy,
spc_04450.npy,
spc_04452.npy,
spc_04454.npy,
spc_04457.npy,
spc_04458.npy,
spc_04460.npy,
spc_04464.npy,
spc_04471.npy,
spc_04472.npy,
spc_04474.npy,
spc_04475.npy,
spc_04477.npy,
spc_04479.npy,
spc_04481.npy,
spc_04485.npy,
spc_04488.npy,
spc_04495.npy,
spc_04496.npy,
spc_04498.npy,
spc_04504.npy,
spc_04506.npy,
spc_04508.npy,
spc_04510.npy,
spc_04515.npy,
spc_04520.npy,
spc_04523.npy,
spc_04524.npy,
spc_04526.npy,
spc_04527.npy,
spc_04531.npy,
spc_04533.npy,
spc_04538.npy,
spc_04543.npy,
spc_04545.npy,
spc_04546.npy,
spc_04548.npy,
spc_04550.npy,
spc_04551.npy,
spc_04555.npy,
spc_04556.npy,
spc_04558.npy,
spc_04560.npy,
spc_04562.npy,
spc_04568.npy,
spc_04570.npy,
spc_04571.npy,
spc_04572.npy,
spc_04573.npy,
spc_04580.npy,
spc_04584.npy,
spc_04585.npy,
spc_04589.npy,
spc_04595.npy,
spc_04597.npy,
spc_04598.npy,
spc_04599.npy,
spc_04605.npy,
spc_04607.npy,
spc_04609.npy,
spc_04610.npy,
spc_04612.npy,
spc_04616.npy,
spc_04618.npy,
spc_04620.npy,
spc_04621.npy,
spc_04625.npy,
spc_04627.npy,
spc_04631.npy,
spc_04632.npy,
spc_04638.npy,
spc_04640.npy,
spc_04641.npy,
spc_04644.npy,
spc_04645.npy,
spc_04647.npy,
spc_04651.npy,
spc_04652.npy,
spc_04654.npy,
spc_04657.npy,
spc_04674.npy,
spc_04675.npy,
spc_04677.npy,
spc_04678.npy,
spc_04681.npy,
spc_04682.npy,
spc_04683.npy,
spc_04684.npy,
spc_04686.npy,
spc_04689.npy,
spc_04691.npy,
spc_04696.npy,
spc_04702.npy,
spc_04707.npy,
spc_04708.npy,
spc_04709.npy,
spc_04716.npy,
spc_04718.npy,
spc_04719.npy,
spc_04722.npy,
spc_04726.npy,
spc_04729.npy,
spc_04730.npy,
spc_04731.npy,
spc_04733.npy,
spc_04735.npy,
spc_04736.npy,
spc_04743.npy,
spc_04747.npy,
spc_04748.npy,
spc_04751.npy,
spc_04753.npy,
spc_04754.npy,
spc_04755.npy,
spc_04758.npy,
spc_04761.npy,
spc_04764.npy,
spc_04766.npy,
spc_04768.npy,
spc_04773.npy,
spc_04774.npy,
spc_04776.npy,
spc_04778.npy,
spc_04784.npy,
spc_04788.npy,
spc_04792.npy,
spc_04797.npy,
spc_04798.npy,
spc_04800.npy,
spc_04801.npy,
spc_04804.npy,
spc_04807.npy,
spc_04808.npy,
spc_04814.npy,
spc_04821.npy,
spc_04822.npy,
spc_04827.npy,
spc_04833.npy,
spc_04835.npy,
spc_04837.npy,
spc_04840.npy,
spc_04843.npy,
spc_04851.npy,
spc_04857.npy,
spc_04859.npy,
spc_04864.npy,
spc_04865.npy,
spc_04866.npy,
spc_04867.npy,
spc_04868.npy,
spc_04869.npy,
spc_04871.npy,
spc_04872.npy,
spc_04873.npy,
spc_04874.npy,
spc_04877.npy,
spc_04878.npy,
spc_04879.npy,
spc_04889.npy,
spc_04895.npy,
spc_04896.npy,
spc_04897.npy,
spc_04898.npy,
spc_04900.npy,
spc_04908.npy,
spc_04912.npy,
spc_04914.npy,
spc_04916.npy,
spc_04918.npy,
spc_04921.npy,
spc_04922.npy,
spc_04923.npy,
spc_04928.npy,
spc_04929.npy,
spc_04932.npy,
spc_04936.npy,
spc_04938.npy,
spc_04939.npy,
spc_04941.npy,
spc_04942.npy,
spc_04944.npy,
spc_04947.npy,
spc_04949.npy,
spc_04951.npy,
spc_04953.npy,
spc_04954.npy,
spc_04959.npy,
spc_04960.npy,
spc_04962.npy,
spc_04966.npy,
spc_04967.npy,
spc_04969.npy,
spc_04970.npy,
spc_04971.npy,
spc_04972.npy,
spc_04974.npy,
spc_04977.npy,
spc_04981.npy,
spc_04985.npy,
spc_04986.npy,
spc_04988.npy,
spc_04989.npy,
spc_04991.npy,
spc_04994.npy,
spc_04995.npy,
spc_04998.npy,
spc_05001.npy,
spc_05002.npy,
spc_05009.npy,
spc_05014.npy,
spc_05015.npy,
spc_05020.npy,
spc_05021.npy,
spc_05022.npy,
spc_05033.npy,
spc_05034.npy,
spc_05035.npy,
spc_05038.npy,
spc_05042.npy,
spc_05048.npy,
spc_05054.npy,
spc_05055.npy,
spc_05057.npy,
spc_05058.npy,
spc_05060.npy,
spc_05061.npy,
spc_05066.npy,
spc_05069.npy,
spc_05075.npy,
spc_05078.npy,
spc_05079.npy,
spc_05081.npy,
spc_05084.npy,
spc_05085.npy,
spc_05087.npy,
spc_05088.npy,
spc_05098.npy,
spc_05108.npy,
spc_05111.npy,
spc_05112.npy,
spc_05117.npy,
spc_05119.npy,
spc_05124.npy,
spc_05127.npy,
spc_05129.npy,
spc_05130.npy,
spc_05132.npy,
spc_05136.npy,
spc_05138.npy,
spc_05140.npy,
spc_05142.npy,
spc_05143.npy,
spc_05144.npy,
spc_05145.npy,
spc_05150.npy,
spc_05153.npy,
spc_05155.npy,
spc_05159.npy,
spc_05160.npy,
spc_05166.npy,
spc_05174.npy,
spc_05175.npy,
spc_05177.npy,
spc_05179.npy,
spc_05181.npy,
spc_05185.npy,
spc_05191.npy,
spc_05195.npy,
spc_05197.npy,
spc_05198.npy,
spc_05200.npy,
spc_05206.npy,
spc_05207.npy,
spc_05209.npy,
spc_05211.npy,
spc_05216.npy,
spc_05219.npy,
spc_05220.npy,
spc_05223.npy,
spc_05225.npy,
spc_05226.npy,
spc_05227.npy,
spc_05228.npy,
spc_05229.npy,
spc_05231.npy,
spc_05233.npy,
spc_05234.npy,
spc_05235.npy,
spc_05236.npy,
spc_05237.npy,
spc_05245.npy,
spc_05249.npy,
spc_05250.npy,
spc_05251.npy,
spc_05255.npy,
spc_05256.npy,
spc_05257.npy,
spc_05258.npy,
spc_05260.npy,
spc_05268.npy,
spc_05269.npy,
spc_05275.npy,
spc_05280.npy,
spc_05284.npy,
spc_05286.npy,
spc_05288.npy,
spc_05291.npy,
spc_05301.npy,
spc_05302.npy,
spc_05303.npy,
spc_05304.npy,
spc_05307.npy,
spc_05310.npy,
spc_05315.npy,
spc_05317.npy,
spc_05320.npy,
spc_05326.npy,
spc_05330.npy,
spc_05335.npy,
spc_05336.npy,
spc_05337.npy,
spc_05340.npy,
spc_05341.npy,
spc_05346.npy,
spc_05348.npy,
spc_05354.npy,
spc_05355.npy,
spc_05356.npy,
spc_05366.npy,
spc_05367.npy,
spc_05370.npy,
spc_05379.npy,
spc_05380.npy,
spc_05382.npy,
spc_05386.npy,
spc_05387.npy,
spc_05389.npy,
spc_05393.npy,
spc_05395.npy,
spc_05396.npy,
spc_05399.npy,
spc_05400.npy,
spc_05404.npy,
spc_05405.npy,
spc_05407.npy,
spc_05408.npy,
spc_05414.npy,
spc_05415.npy,
spc_05416.npy,
spc_05418.npy,
spc_05430.npy,
spc_05439.npy,
spc_05440.npy,
spc_05445.npy,
spc_05446.npy,
spc_05447.npy,
spc_05449.npy,
spc_05456.npy,
spc_05457.npy,
spc_05460.npy,
spc_05461.npy,
spc_05466.npy,
spc_05469.npy,
spc_05473.npy,
spc_05474.npy,
spc_05479.npy,
spc_05483.npy,
spc_05484.npy,
spc_05486.npy,
spc_05487.npy,
spc_05488.npy,
spc_05489.npy,
spc_05490.npy,
spc_05491.npy,
spc_05497.npy,
spc_05503.npy,
spc_05508.npy,
spc_05515.npy,
spc_05520.npy,
spc_05528.npy,
spc_05529.npy,
spc_05530.npy,
spc_05534.npy,
spc_05539.npy,
spc_05541.npy,
spc_05543.npy,
spc_05546.npy,
spc_05548.npy,
spc_05556.npy,
spc_05560.npy,
spc_05566.npy,
spc_05575.npy,
spc_05578.npy,
spc_05579.npy,
spc_05581.npy,
spc_05582.npy,
spc_05583.npy,
spc_05585.npy,
spc_05589.npy,
spc_05591.npy,
spc_05594.npy,
spc_05597.npy,
spc_05607.npy,
spc_05613.npy,
spc_05615.npy,
spc_05617.npy,
spc_05628.npy,
spc_05631.npy,
spc_05632.npy,
spc_05636.npy,
spc_05638.npy,
spc_05639.npy,
spc_05641.npy,
spc_05643.npy,
spc_05644.npy,
spc_05646.npy,
spc_05647.npy,
spc_05653.npy,
spc_05654.npy,
spc_05657.npy,
spc_05659.npy,
spc_05663.npy,
spc_05667.npy,
spc_05670.npy,
spc_05671.npy,
spc_05674.npy,
spc_05679.npy,
spc_05681.npy,
spc_05683.npy,
spc_05684.npy,
spc_05686.npy,
spc_05688.npy,
spc_05691.npy,
spc_05694.npy,
spc_05697.npy,
spc_05698.npy,
spc_05700.npy,
spc_05701.npy,
spc_05702.npy,
spc_05703.npy,
spc_05708.npy,
spc_05709.npy,
spc_05711.npy,
spc_05712.npy,
spc_05713.npy,
spc_05715.npy,
spc_05716.npy,
spc_05717.npy,
spc_05719.npy,
spc_05721.npy,
spc_05722.npy,
spc_05723.npy,
spc_05724.npy,
spc_05726.npy,
spc_05741.npy,
spc_05747.npy,
spc_05748.npy,
spc_05749.npy,
spc_05750.npy,
spc_05754.npy,
spc_05755.npy,
spc_05757.npy,
spc_05758.npy,
spc_05765.npy,
spc_05767.npy,
spc_05770.npy,
spc_05771.npy,
spc_05774.npy,
spc_05775.npy,
spc_05783.npy,
spc_05784.npy,
spc_05789.npy,
spc_05792.npy,
spc_05793.npy,
spc_05795.npy,
spc_05797.npy,
spc_05799.npy,
spc_05800.npy,
spc_05806.npy,
spc_05808.npy,
spc_05810.npy,
spc_05812.npy,
spc_05813.npy,
spc_05816.npy,
spc_05819.npy,
spc_05822.npy,
spc_05825.npy,
spc_05826.npy,
spc_05829.npy,
spc_05830.npy,
spc_05832.npy,
spc_05835.npy,
spc_05841.npy,
spc_05844.npy,
spc_05845.npy,
spc_05847.npy,
spc_05852.npy,
spc_05855.npy,
spc_05857.npy,
spc_05858.npy,
spc_05861.npy,
spc_05864.npy,
spc_05870.npy,
spc_05871.npy,
spc_05875.npy,
spc_05878.npy,
spc_05883.npy,
spc_05891.npy,
spc_05896.npy,
spc_05898.npy,
spc_05900.npy,
spc_05905.npy,
spc_05908.npy,
spc_05916.npy,
spc_05917.npy,
spc_05920.npy,
spc_05923.npy,
spc_05925.npy,
spc_05927.npy,
spc_05930.npy,
spc_05933.npy,
spc_05934.npy,
spc_05935.npy,
spc_05937.npy,
spc_05943.npy,
spc_05945.npy,
spc_05948.npy,
spc_05950.npy,
spc_05952.npy,
spc_05954.npy,
spc_05956.npy,
spc_05958.npy,
spc_05960.npy,
spc_05961.npy,
spc_05962.npy,
spc_05963.npy,
spc_05964.npy,
spc_05965.npy,
spc_05966.npy,
spc_05967.npy,
spc_05970.npy,
spc_05971.npy,
spc_05973.npy,
spc_05978.npy,
spc_05982.npy,
spc_05984.npy,
spc_05985.npy,
spc_05986.npy,
spc_05987.npy,
spc_05992.npy,
spc_05996.npy,
spc_05997.npy,
spc_06001.npy,
spc_06002.npy,
spc_06014.npy,
spc_06017.npy,
spc_06019.npy,
spc_06022.npy,
spc_06025.npy,
spc_06026.npy,
spc_06027.npy,
spc_06034.npy,
spc_06035.npy,
spc_06038.npy,
spc_06042.npy,
spc_06045.npy,
spc_06047.npy,
spc_06051.npy,
spc_06053.npy,
spc_06054.npy,
spc_06064.npy,
spc_06067.npy,
spc_06076.npy,
spc_06079.npy,
spc_06082.npy,
spc_06092.npy,
spc_06096.npy,
spc_06097.npy,
spc_06098.npy,
spc_06103.npy,
spc_06106.npy,
spc_06109.npy,
spc_06111.npy,
spc_06112.npy,
spc_06114.npy,
spc_06117.npy,
spc_06118.npy,
spc_06120.npy,
spc_06123.npy,
spc_06127.npy,
spc_06131.npy,
spc_06132.npy,
spc_06133.npy,
spc_06135.npy,
spc_06138.npy,
spc_06140.npy,
spc_06141.npy,
spc_06142.npy,
spc_06143.npy,
spc_06153.npy,
spc_06154.npy,
spc_06160.npy,
spc_06161.npy,
spc_06165.npy,
spc_06166.npy,
spc_06169.npy,
spc_06170.npy,
spc_06171.npy,
spc_06174.npy,
spc_06176.npy,
spc_06178.npy,
spc_06179.npy,
spc_06182.npy,
spc_06187.npy,
spc_06188.npy,
spc_06189.npy,
spc_06190.npy,
spc_06201.npy,
spc_06203.npy,
spc_06216.npy,
spc_06217.npy,
spc_06221.npy,
spc_06233.npy,
spc_06239.npy,
spc_06242.npy,
spc_06243.npy,
spc_06250.npy,
spc_06259.npy,
spc_06260.npy,
spc_06262.npy,
spc_06267.npy,
spc_06270.npy,
spc_06272.npy,
spc_06279.npy,
spc_06286.npy,
spc_06290.npy,
spc_06291.npy,
spc_06299.npy,
spc_06300.npy,
spc_06303.npy,
spc_06307.npy,
spc_06309.npy,
spc_06311.npy,
spc_06312.npy,
spc_06316.npy,
spc_06328.npy,
spc_06332.npy,
spc_06333.npy,
spc_06343.npy,
spc_06346.npy,
spc_06347.npy,
spc_06349.npy,
spc_06354.npy,
spc_06355.npy,
spc_06357.npy,
spc_06361.npy,
spc_06367.npy,
spc_06371.npy,
spc_06373.npy,
spc_06374.npy,
spc_06377.npy,
spc_06378.npy,
spc_06379.npy,
spc_06387.npy,
spc_06393.npy,
spc_06394.npy,
spc_06397.npy,
spc_06398.npy,
spc_06401.npy,
spc_06404.npy,
spc_06406.npy,
spc_06407.npy,
spc_06411.npy,
spc_06415.npy,
spc_06418.npy,
spc_06423.npy,
spc_06425.npy,
spc_06426.npy,
spc_06429.npy,
spc_06435.npy,
spc_06438.npy,
spc_06440.npy,
spc_06443.npy,
spc_06448.npy,
spc_06449.npy,
spc_06452.npy,
spc_06453.npy,
spc_06457.npy,
spc_06463.npy,
spc_06464.npy,
spc_06465.npy,
spc_06468.npy,
spc_06473.npy,
spc_06479.npy,
spc_06481.npy,
spc_06482.npy,
spc_06485.npy,
spc_06488.npy,
spc_06491.npy,
spc_06495.npy,
spc_06500.npy,
spc_06501.npy,
spc_06505.npy,
spc_06507.npy,
spc_06509.npy,
spc_06510.npy,
spc_06511.npy,
spc_06515.npy,
spc_06517.npy,
spc_06519.npy,
spc_06520.npy,
spc_06527.npy,
spc_06528.npy,
spc_06529.npy,
spc_06533.npy,
spc_06535.npy,
spc_06540.npy,
spc_06541.npy,
spc_06547.npy,
spc_06548.npy,
spc_06549.npy,
spc_06557.npy,
spc_06561.npy,
spc_06565.npy,
spc_06566.npy,
spc_06575.npy,
spc_06578.npy,
spc_06579.npy,
spc_06587.npy,
spc_06593.npy,
spc_06600.npy,
spc_06606.npy,
spc_06616.npy,
spc_06620.npy,
spc_06621.npy,
spc_06623.npy,
spc_06624.npy,
spc_06630.npy,
spc_06633.npy,
spc_06634.npy,
spc_06635.npy,
spc_06639.npy,
spc_06641.npy,
spc_06647.npy,
spc_06652.npy,
spc_06653.npy,
spc_06655.npy,
spc_06657.npy,
spc_06658.npy,
spc_06659.npy,
spc_06661.npy,
spc_06665.npy,
spc_06667.npy,
spc_06668.npy,
spc_06670.npy,
spc_06671.npy,
spc_06674.npy,
spc_06675.npy,
spc_06681.npy,
spc_06684.npy,
spc_06690.npy,
spc_06694.npy,
spc_06695.npy,
spc_06701.npy,
spc_06706.npy,
spc_06711.npy,
spc_06714.npy,
spc_06717.npy,
spc_06724.npy,
spc_06725.npy,
spc_06726.npy,
spc_06729.npy,
spc_06730.npy,
spc_06737.npy,
spc_06744.npy,
spc_06745.npy,
spc_06747.npy,
spc_06753.npy,
spc_06756.npy,
spc_06757.npy,
spc_06759.npy,
spc_06762.npy,
spc_06765.npy,
spc_06767.npy,
spc_06768.npy,
spc_06769.npy,
spc_06770.npy,
spc_06771.npy,
spc_06777.npy,
spc_06782.npy,
spc_06786.npy,
spc_06788.npy,
spc_06789.npy,
spc_06790.npy,
spc_06791.npy,
spc_06792.npy,
spc_06794.npy,
spc_06804.npy,
spc_06806.npy,
spc_06809.npy,
spc_06814.npy,
spc_06817.npy,
spc_06819.npy,
spc_06820.npy,
spc_06823.npy,
spc_06827.npy,
spc_06828.npy,
spc_06834.npy,
spc_06836.npy,
spc_06838.npy,
spc_06840.npy,
spc_06842.npy,
spc_06843.npy,
spc_06847.npy,
spc_06849.npy,
spc_06853.npy,
spc_06858.npy,
spc_06861.npy,
spc_06868.npy,
spc_06869.npy,
spc_06870.npy,
spc_06871.npy,
spc_06872.npy,
spc_06876.npy,
spc_06878.npy,
spc_06888.npy,
spc_06889.npy,
spc_06892.npy,
spc_06896.npy,
spc_06897.npy,
spc_06898.npy,
spc_06899.npy,
spc_06901.npy,
spc_06908.npy,
spc_06910.npy,
spc_06911.npy,
spc_06915.npy,
spc_06920.npy,
spc_06924.npy,
spc_06926.npy,
spc_06934.npy,
spc_06935.npy,
spc_06938.npy,
spc_06940.npy,
spc_06941.npy,
spc_06943.npy,
spc_06947.npy,
spc_06950.npy,
spc_06952.npy,
spc_06957.npy,
spc_06958.npy,
spc_06961.npy,
spc_06966.npy,
spc_06968.npy,
spc_06970.npy,
spc_06974.npy,
spc_06975.npy,
spc_06976.npy,
spc_06977.npy,
spc_06979.npy,
spc_06988.npy,
spc_06989.npy,
spc_06991.npy,
spc_06992.npy,
spc_06997.npy,
spc_06998.npy,
spc_06999.npy,
spc_07002.npy,
spc_07009.npy,
spc_07012.npy,
spc_07016.npy,
spc_07017.npy,
spc_07021.npy,
spc_07023.npy,
spc_07026.npy,
spc_07028.npy,
spc_07029.npy,
spc_07033.npy,
spc_07036.npy,
spc_07039.npy,
spc_07040.npy,
spc_07043.npy,
spc_07050.npy,
spc_07054.npy,
spc_07055.npy,
spc_07057.npy,
spc_07073.npy,
spc_07075.npy,
spc_07076.npy,
spc_07077.npy,
spc_07078.npy,
spc_07080.npy,
spc_07083.npy,
spc_07088.npy,
spc_07091.npy,
spc_07095.npy,
spc_07097.npy,
spc_07107.npy,
spc_07109.npy,
spc_07116.npy,
spc_07118.npy,
spc_07124.npy,
spc_07127.npy,
spc_07139.npy,
spc_07140.npy,
spc_07141.npy,
spc_07144.npy,
spc_07149.npy,
spc_07154.npy,
spc_07157.npy,
spc_07158.npy,
spc_07161.npy,
spc_07162.npy,
spc_07165.npy,
spc_07168.npy,
spc_07171.npy,
spc_07172.npy,
spc_07174.npy,
spc_07177.npy,
spc_07178.npy,
spc_07183.npy,
spc_07187.npy,
spc_07191.npy,
spc_07193.npy,
spc_07199.npy,
spc_07200.npy,
spc_07203.npy,
spc_07204.npy,
spc_07205.npy,
spc_07213.npy,
spc_07218.npy,
spc_07219.npy,
spc_07220.npy,
spc_07221.npy,
spc_07222.npy,
spc_07229.npy,
spc_07236.npy,
spc_07239.npy,
spc_07244.npy,
spc_07245.npy,
spc_07246.npy,
spc_07247.npy,
spc_07249.npy,
spc_07250.npy,
spc_07255.npy,
spc_07258.npy,
spc_07259.npy,
spc_07261.npy,
spc_07262.npy,
spc_07263.npy,
spc_07267.npy,
spc_07273.npy,
spc_07281.npy,
spc_07282.npy,
spc_07283.npy,
spc_07284.npy,
spc_07285.npy,
spc_07293.npy,
spc_07294.npy,
spc_07296.npy,
spc_07298.npy,
spc_07299.npy,
spc_07303.npy,
spc_07306.npy,
spc_07307.npy,
spc_07316.npy,
spc_07326.npy,
spc_07331.npy,
spc_07338.npy,
spc_07339.npy,
spc_07342.npy,
spc_07345.npy,
spc_07348.npy,
spc_07349.npy,
spc_07350.npy,
spc_07351.npy,
spc_07354.npy,
spc_07362.npy,
spc_07364.npy,
spc_07371.npy,
spc_07378.npy,
spc_07381.npy,
spc_07385.npy,
spc_07389.npy,
spc_07394.npy,
spc_07396.npy,
spc_07399.npy,
spc_07400.npy,
spc_07403.npy,
spc_07404.npy,
spc_07409.npy,
spc_07412.npy,
spc_07413.npy,
spc_07416.npy,
spc_07419.npy,
spc_07420.npy,
spc_07421.npy,
spc_07423.npy,
spc_07424.npy,
spc_07425.npy,
spc_07427.npy,
spc_07428.npy,
spc_07430.npy,
spc_07436.npy,
spc_07437.npy,
spc_07440.npy,
spc_07441.npy,
spc_07446.npy,
spc_07448.npy,
spc_07451.npy,
spc_07453.npy,
spc_07458.npy,
spc_07460.npy,
spc_07461.npy,
spc_07465.npy,
spc_07467.npy,
spc_07468.npy,
spc_07470.npy,
spc_07471.npy,
spc_07472.npy,
spc_07477.npy,
spc_07485.npy,
spc_07488.npy,
spc_07489.npy,
spc_07491.npy,
spc_07493.npy,
spc_07495.npy,
spc_07498.npy,
spc_07502.npy,
spc_07508.npy,
spc_07510.npy,
spc_07512.npy,
spc_07513.npy,
spc_07514.npy,
spc_07515.npy,
spc_07517.npy,
spc_07518.npy,
spc_07519.npy,
spc_07521.npy,
spc_07530.npy,
spc_07534.npy,
spc_07537.npy,
spc_07539.npy,
spc_07540.npy,
spc_07547.npy,
spc_07548.npy,
spc_07550.npy,
spc_07551.npy,
spc_07557.npy,
spc_07561.npy,
spc_07563.npy,
spc_07567.npy,
spc_07569.npy,
spc_07570.npy,
spc_07578.npy,
spc_07584.npy,
spc_07590.npy,
spc_07595.npy,
spc_07598.npy,
spc_07600.npy,
spc_07603.npy,
spc_07605.npy,
spc_07607.npy,
spc_07608.npy,
spc_07610.npy,
spc_07612.npy,
spc_07616.npy,
spc_07622.npy,
spc_07624.npy,
spc_07626.npy,
spc_07629.npy,
spc_07636.npy,
spc_07639.npy,
spc_07641.npy,
spc_07642.npy,
spc_07645.npy,
spc_07650.npy,
spc_07651.npy,
spc_07653.npy,
spc_07654.npy,
spc_07655.npy,
spc_07660.npy,
spc_07665.npy,
spc_07671.npy,
spc_07674.npy,
spc_07679.npy,
spc_07686.npy,
spc_07690.npy,
spc_07694.npy,
spc_07695.npy,
spc_07699.npy,
spc_07701.npy,
spc_07702.npy,
spc_07705.npy,
spc_07707.npy,
spc_07708.npy,
spc_07714.npy,
spc_07716.npy,
spc_07718.npy,
spc_07727.npy,
spc_07728.npy,
spc_07730.npy,
spc_07732.npy,
spc_07735.npy,
spc_07738.npy,
spc_07740.npy,
spc_07744.npy,
spc_07746.npy,
spc_07754.npy,
spc_07756.npy,
spc_07760.npy,
spc_07761.npy,
spc_07768.npy,
spc_07772.npy,
spc_07773.npy,
spc_07779.npy,
spc_07780.npy,
spc_07783.npy,
spc_07786.npy,
spc_07787.npy,
spc_07788.npy,
spc_07789.npy,
spc_07790.npy,
spc_07792.npy,
spc_07794.npy,
spc_07801.npy,
spc_07805.npy,
spc_07809.npy,
spc_07811.npy,
spc_07815.npy,
spc_07816.npy,
spc_07817.npy,
spc_07824.npy,
spc_07826.npy,
spc_07828.npy,
spc_07830.npy,
spc_07832.npy,
spc_07835.npy,
spc_07837.npy,
spc_07845.npy,
spc_07846.npy,
spc_07850.npy,
spc_07854.npy,
spc_07857.npy,
spc_07859.npy,
spc_07861.npy,
spc_07862.npy,
spc_07865.npy,
spc_07866.npy,
spc_07869.npy,
spc_07877.npy,
spc_07878.npy,
spc_07879.npy,
spc_07880.npy,
spc_07881.npy,
spc_07885.npy,
spc_07887.npy,
spc_07888.npy,
spc_07897.npy,
spc_07899.npy,
spc_07900.npy,
spc_07911.npy,
spc_07912.npy,
spc_07913.npy,
spc_07914.npy,
spc_07920.npy,
spc_07921.npy,
spc_07924.npy,
spc_07925.npy,
spc_07928.npy,
spc_07929.npy,
spc_07930.npy,
spc_07931.npy,
spc_07934.npy,
spc_07935.npy,
spc_07944.npy,
spc_07947.npy,
spc_07951.npy,
spc_07953.npy,
spc_07955.npy,
spc_07956.npy,
spc_07958.npy,
spc_07962.npy,
spc_07967.npy,
spc_07969.npy,
spc_07970.npy,
spc_07976.npy,
spc_07979.npy,
spc_07984.npy,
spc_07985.npy,
spc_07987.npy,
spc_07992.npy,
spc_07993.npy,
spc_08006.npy,
spc_08007.npy,
spc_08008.npy,
spc_08009.npy,
spc_08010.npy,
spc_08019.npy,
spc_08021.npy,
spc_08025.npy,
spc_08026.npy,
spc_08029.npy,
spc_08030.npy,
spc_08032.npy,
spc_08033.npy,
spc_08035.npy,
spc_08038.npy,
spc_08042.npy,
spc_08044.npy,
spc_08048.npy,
spc_08049.npy,
spc_08052.npy,
spc_08053.npy,
spc_08054.npy,
spc_08055.npy,
spc_08057.npy,
spc_08058.npy,
spc_08061.npy,
spc_08062.npy,
spc_08067.npy,
spc_08069.npy,
spc_08073.npy,
spc_08079.npy,
spc_08093.npy,
spc_08094.npy,
spc_08102.npy,
spc_08106.npy,
spc_08109.npy,
spc_08110.npy,
spc_08113.npy,
spc_08117.npy,
spc_08118.npy,
spc_08124.npy,
spc_08126.npy,
spc_08130.npy,
spc_08131.npy,
spc_08132.npy,
spc_08138.npy,
spc_08139.npy,
spc_08140.npy,
spc_08144.npy,
spc_08145.npy,
spc_08152.npy,
spc_08155.npy,
spc_08161.npy,
spc_08162.npy,
spc_08163.npy,
spc_08164.npy,
spc_08166.npy,
spc_08169.npy,
spc_08171.npy,
spc_08178.npy,
spc_08185.npy,
spc_08191.npy,
spc_08194.npy,
spc_08200.npy,
spc_08206.npy,
spc_08208.npy,
spc_08210.npy,
spc_08214.npy,
spc_08217.npy,
spc_08220.npy,
spc_08224.npy,
spc_08227.npy,
spc_08228.npy,
spc_08232.npy,
spc_08235.npy,
spc_08237.npy,
spc_08239.npy,
spc_08245.npy,
spc_08246.npy,
spc_08249.npy,
spc_08260.npy,
spc_08262.npy,
spc_08271.npy,
spc_08279.npy,
spc_08282.npy,
spc_08286.npy,
spc_08287.npy,
spc_08288.npy,
spc_08291.npy,
spc_08293.npy,
spc_08294.npy,
spc_08296.npy,
spc_08297.npy,
spc_08301.npy,
spc_08302.npy,
spc_08306.npy,
spc_08307.npy,
spc_08312.npy,
spc_08322.npy,
spc_08323.npy,
spc_08326.npy,
spc_08328.npy,
spc_08331.npy,
spc_08335.npy,
spc_08336.npy,
spc_08341.npy,
spc_08346.npy,
spc_08351.npy,
spc_08353.npy,
spc_08355.npy,
spc_08356.npy,
spc_08357.npy,
spc_08358.npy,
spc_08359.npy,
spc_08361.npy,
spc_08362.npy,
spc_08370.npy,
spc_08371.npy,
spc_08376.npy,
spc_08381.npy,
spc_08382.npy,
spc_08391.npy,
spc_08395.npy,
spc_08397.npy,
spc_08398.npy,
spc_08403.npy,
spc_08406.npy,
spc_08407.npy,
spc_08410.npy,
spc_08414.npy,
spc_08417.npy,
spc_08419.npy,
spc_08422.npy,
spc_08427.npy,
spc_08429.npy,
spc_08431.npy,
spc_08436.npy,
spc_08452.npy,
spc_08454.npy,
spc_08456.npy,
spc_08461.npy,
spc_08471.npy,
spc_08473.npy,
spc_08478.npy,
spc_08482.npy,
spc_08485.npy,
spc_08486.npy,
spc_08488.npy,
spc_08490.npy,
spc_08491.npy,
spc_08495.npy,
spc_08503.npy,
spc_08504.npy,
spc_08506.npy,
spc_08509.npy,
spc_08513.npy,
spc_08515.npy,
spc_08516.npy,
spc_08517.npy,
spc_08519.npy,
spc_08522.npy,
spc_08524.npy,
spc_08527.npy,
spc_08531.npy,
spc_08532.npy,
spc_08541.npy,
spc_08546.npy,
spc_08547.npy,
spc_08550.npy,
spc_08558.npy,
spc_08559.npy,
spc_08562.npy,
spc_08563.npy,
spc_08567.npy,
spc_08568.npy,
spc_08570.npy,
spc_08572.npy,
spc_08574.npy,
spc_08576.npy,
spc_08579.npy,
spc_08583.npy,
spc_08585.npy,
spc_08592.npy,
spc_08596.npy,
spc_08600.npy,
spc_08602.npy,
spc_08603.npy,
spc_08609.npy,
spc_08611.npy,
spc_08614.npy,
spc_08618.npy,
spc_08619.npy,
spc_08620.npy,
spc_08621.npy,
spc_08627.npy,
spc_08629.npy,
spc_08631.npy,
spc_08634.npy,
spc_08637.npy,
spc_08641.npy,
spc_08643.npy,
spc_08644.npy,
spc_08645.npy,
spc_08648.npy,
spc_08654.npy,
spc_08655.npy,
spc_08657.npy,
spc_08658.npy,
spc_08660.npy,
spc_08661.npy,
spc_08663.npy,
spc_08665.npy,
spc_08666.npy,
spc_08668.npy,
spc_08671.npy,
spc_08675.npy,
spc_08676.npy,
spc_08679.npy,
spc_08685.npy,
spc_08686.npy,
spc_08688.npy,
spc_08692.npy,
spc_08699.npy,
spc_08700.npy,
spc_08701.npy,
spc_08707.npy,
spc_08708.npy,
spc_08709.npy,
spc_08711.npy,
spc_08712.npy,
spc_08715.npy,
spc_08717.npy,
spc_08718.npy,
spc_08719.npy,
spc_08724.npy,
spc_08727.npy,
spc_08728.npy,
spc_08729.npy,
spc_08731.npy,
spc_08732.npy,
spc_08733.npy,
spc_08734.npy,
spc_08738.npy,
spc_08739.npy,
spc_08746.npy,
spc_08747.npy,
spc_08756.npy,
spc_08760.npy,
spc_08761.npy,
spc_08762.npy,
spc_08764.npy,
spc_08765.npy,
spc_08768.npy,
spc_08769.npy,
spc_08770.npy,
spc_08771.npy,
spc_08778.npy,
spc_08782.npy,
spc_08785.npy,
spc_08788.npy,
spc_08789.npy,
spc_08792.npy,
spc_08793.npy,
spc_08794.npy,
spc_08797.npy,
spc_08804.npy,
spc_08805.npy,
spc_08808.npy,
spc_08809.npy,
spc_08810.npy,
spc_08815.npy,
spc_08818.npy,
spc_08819.npy,
spc_08833.npy,
spc_08834.npy,
spc_08836.npy,
spc_08843.npy,
spc_08845.npy,
spc_08847.npy,
spc_08849.npy,
spc_08853.npy,
spc_08857.npy,
spc_08859.npy,
spc_08863.npy,
spc_08864.npy,
spc_08865.npy,
spc_08868.npy,
spc_08871.npy,
spc_08874.npy,
spc_08875.npy,
spc_08884.npy,
spc_08892.npy,
spc_08895.npy,
spc_08901.npy,
spc_08903.npy,
spc_08909.npy,
spc_08910.npy,
spc_08912.npy,
spc_08914.npy,
spc_08920.npy,
spc_08922.npy,
spc_08926.npy,
spc_08927.npy,
spc_08930.npy,
spc_08941.npy,
spc_08943.npy,
spc_08944.npy,
spc_08946.npy,
spc_08948.npy,
spc_08950.npy,
spc_08951.npy,
spc_08952.npy,
spc_08954.npy,
spc_08957.npy,
spc_08958.npy,
spc_08961.npy,
spc_08964.npy,
spc_08968.npy,
spc_08973.npy,
spc_08979.npy,
spc_08982.npy,
spc_08987.npy,
spc_08988.npy,
spc_08993.npy,
spc_08998.npy,
